{
  "trip_id": "trip_5_regional_logistics",
  "trip_name": "Regional Logistics - Chicago Hub",
  "vehicle_id": "VH-005",
  "status": "active",
  "start_time": "2024-01-24T04:00:00Z",
  "end_time": null,
  "total_distance_km": 600,
  "average_speed_kmh": 88,
  "fuel_consumed_liters": 65,
  "events": [
    {
      "timestamp": "2024-01-24T04:00:00Z",
      "type": "trip_start",
      "lat": 41.8781,
      "lng": -87.6298,
      "event_text": "Trip started from Chicago"
    },
    {
      "timestamp": "2024-01-24T06:00:00Z",
      "type": "stop",
      "lat": 41.5868,
      "lng": -87.2506,
      "event_text": "Stop in Hammond"
    },
    {
      "timestamp": "2024-01-24T08:00:00Z",
      "type": "delivery",
      "lat": 41.1646,
      "lng": -87.0693,
      "event_text": "Delivery in Valparaiso"
    },
    {
      "timestamp": "2024-01-24T10:00:00Z",
      "type": "stop",
      "lat": 40.9007,
      "lng": -86.4095,
      "event_text": "Fuel stop in Kokomo"
    },
    {
      "timestamp": "2024-01-24T12:00:00Z",
      "type": "delivery",
      "lat": 40.2708,
      "lng": -85.1164,
      "event_text": "Delivery in Indianapolis"
    },
    { "timestamp": "2024-01-24T14:00:00Z", "type": "stop", "lat": 39.9612, "lng": -86.2723, "event_text": "Rest stop" }
  ]
}
