{
  "trip_id": "trip_1_cross_country",
  "trip_name": "Cross Country - NY to LA",
  "vehicle_id": "VH-001",
  "status": "completed",
  "start_time": "2024-01-15T08:00:00Z",
  "end_time": "2024-01-20T18:30:00Z",
  "total_distance_km": 4500,
  "average_speed_kmh": 85,
  "fuel_consumed_liters": 450,
  "events": [
    {
      "timestamp": "2024-01-15T08:00:00Z",
      "type": "trip_start",
      "lat": 40.7128,
      "lng": -74.006,
      "event_text": "Trip started from New York"
    },
    {
      "timestamp": "2024-01-15T10:30:00Z",
      "type": "stop",
      "lat": 40.6892,
      "lng": -73.976,
      "event_text": "Fuel stop 1"
    },
    {
      "timestamp": "2024-01-15T14:00:00Z",
      "type": "stop",
      "lat": 39.9526,
      "lng": -75.1652,
      "event_text": "Rest stop in Philadelphia"
    },
    {
      "timestamp": "2024-01-16T08:00:00Z",
      "type": "stop",
      "lat": 38.9072,
      "lng": -77.0369,
      "event_text": "Overnight in Washington DC"
    },
    {
      "timestamp": "2024-01-16T14:00:00Z",
      "type": "stop",
      "lat": 35.0752,
      "lng": -78.6391,
      "event_text": "Fuel and food stop in Raleigh"
    },
    {
      "timestamp": "2024-01-17T09:00:00Z",
      "type": "stop",
      "lat": 33.749,
      "lng": -84.388,
      "event_text": "Rest stop in Atlanta"
    },
    {
      "timestamp": "2024-01-18T10:00:00Z",
      "type": "stop",
      "lat": 29.7589,
      "lng": -95.3677,
      "event_text": "Overnight in Houston"
    },
    {
      "timestamp": "2024-01-19T08:00:00Z",
      "type": "stop",
      "lat": 31.7683,
      "lng": -106.4431,
      "event_text": "Fuel stop in El Paso"
    },
    {
      "timestamp": "2024-01-20T15:00:00Z",
      "type": "stop",
      "lat": 34.0522,
      "lng": -118.2437,
      "event_text": "Final stop in Los Angeles"
    },
    {
      "timestamp": "2024-01-20T18:30:00Z",
      "type": "trip_end",
      "lat": 34.0522,
      "lng": -118.2437,
      "event_text": "Trip completed"
    }
  ]
}
