{
  "trip_id": "trip_4_southern_technical",
  "trip_name": "Southern Technical - Atlanta to Miami",
  "vehicle_id": "VH-004",
  "status": "active",
  "start_time": "2024-01-23T05:00:00Z",
  "end_time": null,
  "total_distance_km": 1200,
  "average_speed_kmh": 80,
  "fuel_consumed_liters": 120,
  "events": [
    {
      "timestamp": "2024-01-23T05:00:00Z",
      "type": "trip_start",
      "lat": 33.749,
      "lng": -84.388,
      "event_text": "Trip started from Atlanta"
    },
    {
      "timestamp": "2024-01-23T07:30:00Z",
      "type": "stop",
      "lat": 32.3792,
      "lng": -83.6435,
      "event_text": "Stop in Macon"
    },
    {
      "timestamp": "2024-01-23T10:00:00Z",
      "type": "stop",
      "lat": 30.5348,
      "lng": -83.6701,
      "event_text": "Fuel stop in Valdosta"
    },
    {
      "timestamp": "2024-01-23T12:30:00Z",
      "type": "stop",
      "lat": 29.6469,
      "lng": -82.3248,
      "event_text": "Lunch break in Gainesville"
    },
    {
      "timestamp": "2024-01-23T15:00:00Z",
      "type": "delivery",
      "lat": 28.5421,
      "lng": -81.3723,
      "event_text": "Delivery in Orlando"
    },
    {
      "timestamp": "2024-01-23T17:30:00Z",
      "type": "stop",
      "lat": 27.3364,
      "lng": -80.7833,
      "event_text": "Fuel stop in West Palm Beach"
    },
    {
      "timestamp": "2024-01-23T19:30:00Z",
      "type": "stop",
      "lat": 25.7617,
      "lng": -80.1918,
      "event_text": "Final stop in Miami"
    }
  ]
}
