{
  "trip_id": "trip_2_urban_dense",
  "trip_name": "Urban Delivery - NYC Metropolitan",
  "vehicle_id": "VH-002",
  "status": "completed",
  "start_time": "2024-01-21T06:00:00Z",
  "end_time": "2024-01-21T18:00:00Z",
  "total_distance_km": 250,
  "average_speed_kmh": 25,
  "fuel_consumed_liters": 30,
  "events": [
    {
      "timestamp": "2024-01-21T06:00:00Z",
      "type": "trip_start",
      "lat": 40.7128,
      "lng": -74.006,
      "event_text": "Trip started from Manhattan Hub"
    },
    {
      "timestamp": "2024-01-21T07:15:00Z",
      "type": "delivery",
      "lat": 40.7489,
      "lng": -73.968,
      "event_text": "Delivery 1 - Midtown"
    },
    {
      "timestamp": "2024-01-21T08:30:00Z",
      "type": "delivery",
      "lat": 40.7614,
      "lng": -73.9776,
      "event_text": "Delivery 2 - Upper East Side"
    },
    {
      "timestamp": "2024-01-21T09:45:00Z",
      "type": "delivery",
      "lat": 40.7505,
      "lng": -73.9972,
      "event_text": "Delivery 3 - Central Park West"
    },
    {
      "timestamp": "2024-01-21T11:00:00Z",
      "type": "stop",
      "lat": 40.7282,
      "lng": -73.7949,
      "event_text": "Fuel break"
    },
    {
      "timestamp": "2024-01-21T12:15:00Z",
      "type": "delivery",
      "lat": 40.6643,
      "lng": -73.9776,
      "event_text": "Delivery 4 - Brooklyn"
    },
    {
      "timestamp": "2024-01-21T13:30:00Z",
      "type": "delivery",
      "lat": 40.6501,
      "lng": -73.9496,
      "event_text": "Delivery 5 - Brooklyn Heights"
    },
    {
      "timestamp": "2024-01-21T14:45:00Z",
      "type": "delivery",
      "lat": 40.6892,
      "lng": -73.976,
      "event_text": "Delivery 6 - Queens"
    },
    {
      "timestamp": "2024-01-21T16:00:00Z",
      "type": "delivery",
      "lat": 40.7282,
      "lng": -73.7949,
      "event_text": "Delivery 7 - Long Island City"
    },
    {
      "timestamp": "2024-01-21T18:00:00Z",
      "type": "trip_end",
      "lat": 40.7128,
      "lng": -74.006,
      "event_text": "Return to Hub"
    }
  ]
}
