{
  "trip_id": "trip_3_mountain_cancelled",
  "trip_name": "Mountain Route - Denver to Aspen",
  "vehicle_id": "VH-003",
  "status": "cancelled",
  "start_time": "2024-01-22T07:00:00Z",
  "end_time": "2024-01-22T14:30:00Z",
  "total_distance_km": 320,
  "average_speed_kmh": 45,
  "fuel_consumed_liters": 40,
  "events": [
    {
      "timestamp": "2024-01-22T07:00:00Z",
      "type": "trip_start",
      "lat": 39.7392,
      "lng": -104.9903,
      "event_text": "Trip started from Denver"
    },
    {
      "timestamp": "2024-01-22T08:30:00Z",
      "type": "stop",
      "lat": 39.8283,
      "lng": -105.0273,
      "event_text": "Mountain pass toll station"
    },
    {
      "timestamp": "2024-01-22T10:00:00Z",
      "type": "alert",
      "lat": 39.9,
      "lng": -105.5,
      "event_text": "Weather alert: Heavy snow"
    },
    {
      "timestamp": "2024-01-22T11:30:00Z",
      "type": "incident",
      "lat": 39.8917,
      "lng": -105.745,
      "event_text": "Road closure due to avalanche risk"
    },
    {
      "timestamp": "2024-01-22T14:30:00Z",
      "type": "trip_cancelled",
      "lat": 39.8917,
      "lng": -105.745,
      "event_text": "Trip cancelled - rerouting through alternative route"
    }
  ]
}
